{
  "dataset_root": "datasets/demo_v5_30demos_random",
  "ckpt_dir": "./ckpt/v5",
  "xml_path": "./mode/demo_scene.xml",
  "video_path": "/home/xiaye/vla_learning/experiments/cac_act_paper/videos/CATE_E2_fixed_09/v5_seed2_20260624_222424.mp4",
  "record_video": true,
  "deploy_seed": 2,
  "max_steps": 400,
  "executed_steps": 254,
  "success": true,
  "failure_mode": "success",
  "status": "ok",
  "error": "",
  "chunk_size": 50,
  "n_action_steps": 1,
  "temporal_ensemble_coeff": 0.9,
  "placement_xy_threshold": 0.1,
  "placement_z_threshold": 0.08,
  "device": "cuda",
  "initial_mug_position": [
    0.307957363076452,
    -0.14639220704846465,
    0.8819947663067841
  ],
  "initial_plate_position": [
    0.3097484318420746,
    -0.38442874805222277,
    0.8078856235290851
  ],
  "strict_success": true,
  "placement_success": true,
  "action_smoothness_mean": 0.0368968859560403,
  "action_smoothness_max": 1.0190984010696411,
  "prediction_inconsistency_mean": 0.08494325335921624,
  "prediction_inconsistency_max": 0.46554073691368103,
  "final_mug_plate_xy_dist": 0.030354665266941295,
  "min_mug_plate_xy_dist": 0.0004128813702610039,
  "final_mug_plate_z_gap": 0.045442076596441505,
  "min_mug_plate_z_gap": 0.034235505921441534,
  "final_gripper_qpos": 0.06674067603909292,
  "final_ee_z": 1.1394816373953767,
  "force_release_on_placement": true,
  "force_release_streak": 3,
  "release_latched": true,
  "release_trigger_step": 249,
  "placement_success_streak_max": 8
}