{
  "dataset_root": "datasets/demo_v5_30demos_random",
  "ckpt_dir": "./ckpt/v5",
  "xml_path": "./mode/demo_scene.xml",
  "video_path": "/home/xiaye/vla_learning/experiments/cac_act_paper/videos/CATE_E2_fixed_09/v5_seed4_20260624_222501.mp4",
  "record_video": true,
  "deploy_seed": 4,
  "max_steps": 400,
  "executed_steps": 364,
  "success": true,
  "failure_mode": "success",
  "status": "ok",
  "error": "",
  "chunk_size": 50,
  "n_action_steps": 1,
  "temporal_ensemble_coeff": 0.9,
  "placement_xy_threshold": 0.1,
  "placement_z_threshold": 0.08,
  "device": "cuda",
  "initial_mug_position": [
    0.39451006200294514,
    -0.39487487667084525,
    0.8819944674045764
  ],
  "initial_plate_position": [
    0.3947140217415427,
    -0.07164513764352433,
    0.8078856235290851
  ],
  "strict_success": true,
  "placement_success": true,
  "action_smoothness_mean": 0.024377960599311077,
  "action_smoothness_max": 1.0153776407241821,
  "prediction_inconsistency_mean": 0.08828334619108967,
  "prediction_inconsistency_max": 0.4820755124092102,
  "final_mug_plate_xy_dist": 0.03544205443457644,
  "min_mug_plate_xy_dist": 0.008904641956610749,
  "final_mug_plate_z_gap": 0.045175240089190716,
  "min_mug_plate_z_gap": 0.03423516718603803,
  "final_gripper_qpos": 0.06673937602722844,
  "final_ee_z": 1.1360309012420395,
  "force_release_on_placement": true,
  "force_release_streak": 3,
  "release_latched": true,
  "release_trigger_step": 359,
  "placement_success_streak_max": 8
}