{
  "dataset_root": "datasets/demo_v5_30demos_random",
  "ckpt_dir": "./ckpt/v5",
  "xml_path": "./mode/demo_scene.xml",
  "video_path": "/home/xiaye/vla_learning/experiments/cac_act_paper/CATE_E2_fixed_09/videos/v5_seed9_20260625_111234.mp4",
  "record_video": true,
  "deploy_seed": 9,
  "max_steps": 400,
  "executed_steps": 273,
  "success": true,
  "failure_mode": "success",
  "status": "ok",
  "error": "",
  "chunk_size": 50,
  "n_action_steps": 1,
  "temporal_ensemble_coeff": 0.9,
  "placement_xy_threshold": 0.1,
  "placement_z_threshold": 0.08,
  "device": "cuda",
  "initial_mug_position": [
    0.25971887387223097,
    -0.31334637852087566,
    0.8819944674045764
  ],
  "initial_plate_position": [
    0.24164911212106627,
    -0.09885973185971438,
    0.8078856235290851
  ],
  "strict_success": true,
  "placement_success": true,
  "action_smoothness_mean": 0.03699460070749731,
  "action_smoothness_max": 1.018642544746399,
  "prediction_inconsistency_mean": 0.0821982382570722,
  "prediction_inconsistency_max": 0.4533320367336273,
  "final_mug_plate_xy_dist": 0.04264244265676668,
  "min_mug_plate_xy_dist": 0.01279968448856129,
  "final_mug_plate_z_gap": 0.04554441446549107,
  "min_mug_plate_z_gap": 0.03423516718603792,
  "final_gripper_qpos": 0.06672861246652707,
  "final_ee_z": 1.1416159212261703,
  "force_release_on_placement": true,
  "force_release_streak": 3,
  "release_latched": true,
  "release_trigger_step": 268,
  "placement_success_streak_max": 8
}