{
  "dataset_root": "datasets/demo_v5_30demos_random",
  "ckpt_dir": "./ckpt/v5",
  "xml_path": "./mode/demo_scene.xml",
  "video_path": "/home/xiaye/vla_learning/experiments/cac_act_paper/CATE_E2_fixed_09/videos/v5_seed4_20260625_111032.mp4",
  "record_video": true,
  "deploy_seed": 4,
  "max_steps": 400,
  "executed_steps": 364,
  "success": true,
  "failure_mode": "success",
  "status": "ok",
  "error": "",
  "chunk_size": 50,
  "n_action_steps": 1,
  "temporal_ensemble_coeff": 0.9,
  "placement_xy_threshold": 0.1,
  "placement_z_threshold": 0.08,
  "device": "cuda",
  "initial_mug_position": [
    0.39451006200294475,
    -0.39487487667084537,
    0.8819944674045765
  ],
  "initial_plate_position": [
    0.3947140217415425,
    -0.07164513764352427,
    0.8078856235290851
  ],
  "strict_success": true,
  "placement_success": true,
  "action_smoothness_mean": 0.024395348469870418,
  "action_smoothness_max": 1.015304684638977,
  "prediction_inconsistency_mean": 0.08831138999173135,
  "prediction_inconsistency_max": 0.48207640647888184,
  "final_mug_plate_xy_dist": 0.03517421345867625,
  "min_mug_plate_xy_dist": 0.00893093712936183,
  "final_mug_plate_z_gap": 0.04510428784897358,
  "min_mug_plate_z_gap": 0.03423516718603803,
  "final_gripper_qpos": 0.06677684525353535,
  "final_ee_z": 1.1360858969195382,
  "force_release_on_placement": true,
  "force_release_streak": 3,
  "release_latched": true,
  "release_trigger_step": 359,
  "placement_success_streak_max": 8
}