{
  "dataset_root": "datasets/demo_v5_30demos_random",
  "ckpt_dir": "./ckpt/v5",
  "xml_path": "./mode/demo_scene.xml",
  "video_path": "/home/xiaye/vla_learning/experiments/cac_act_paper/CATE_E2_fixed_09/videos/v5_seed17_20260625_111533.mp4",
  "record_video": true,
  "deploy_seed": 17,
  "max_steps": 400,
  "executed_steps": 85,
  "success": true,
  "failure_mode": "success",
  "status": "ok",
  "error": "",
  "chunk_size": 50,
  "n_action_steps": 1,
  "temporal_ensemble_coeff": 0.9,
  "placement_xy_threshold": 0.1,
  "placement_z_threshold": 0.08,
  "device": "cuda",
  "initial_mug_position": [
    -0.12738283720446278,
    -0.17007176106932181,
    2.3304638792123504
  ],
  "initial_plate_position": [
    -0.07128027722893823,
    -0.24979201320970218,
    1.741845107986438
  ],
  "strict_success": true,
  "placement_success": true,
  "action_smoothness_mean": 0.011374484647863678,
  "action_smoothness_max": 0.20636853575706482,
  "prediction_inconsistency_mean": 0.1098189156036824,
  "prediction_inconsistency_max": 0.24973350763320923,
  "final_mug_plate_xy_dist": 0.0293583131998356,
  "min_mug_plate_xy_dist": 0.011944508624963764,
  "final_mug_plate_z_gap": 0.0070381865258993224,
  "min_mug_plate_z_gap": 0.0049102952643393484,
  "final_gripper_qpos": 0.0022629855995185983,
  "final_ee_z": 1.0329527379053438,
  "force_release_on_placement": true,
  "force_release_streak": 3,
  "release_latched": false,
  "release_trigger_step": null,
  "placement_success_streak_max": 3
}