{
  "dataset_root": "datasets/demo_v5_30demos_random",
  "ckpt_dir": "./ckpt/v5",
  "xml_path": "./mode/demo_scene.xml",
  "video_path": "/home/xiaye/vla_learning/experiments/cac_act_paper/CATE_E2_fixed_09/videos/v5_seed19_20260625_111610.mp4",
  "record_video": true,
  "deploy_seed": 19,
  "max_steps": 400,
  "executed_steps": 246,
  "success": true,
  "failure_mode": "success",
  "status": "ok",
  "error": "",
  "chunk_size": 50,
  "n_action_steps": 1,
  "temporal_ensemble_coeff": 0.9,
  "placement_xy_threshold": 0.1,
  "placement_z_threshold": 0.08,
  "device": "cuda",
  "initial_mug_position": [
    0.24239509970232231,
    -0.18393089031069232,
    0.8928354659001164
  ],
  "initial_plate_position": [
    0.25166423904181057,
    0.06078238594809329,
    0.8078856448975077
  ],
  "strict_success": true,
  "placement_success": true,
  "action_smoothness_mean": 0.030071643858135925,
  "action_smoothness_max": 1.0205708742141724,
  "prediction_inconsistency_mean": 0.07862322327813932,
  "prediction_inconsistency_max": 0.4899737238883972,
  "final_mug_plate_xy_dist": 0.04404786929856561,
  "min_mug_plate_xy_dist": 0.03725496089193387,
  "final_mug_plate_z_gap": 0.04501378073824702,
  "min_mug_plate_z_gap": 0.036467540838891255,
  "final_gripper_qpos": 0.06624747799284995,
  "final_ee_z": 1.1471227069902898,
  "force_release_on_placement": true,
  "force_release_streak": 3,
  "release_latched": true,
  "release_trigger_step": 241,
  "placement_success_streak_max": 8
}