{
  "dataset_root": "datasets/demo_v5_30demos_random",
  "ckpt_dir": "./ckpt/v5",
  "xml_path": "./mode/demo_scene.xml",
  "video_path": "/home/xiaye/vla_learning/experiments/cac_act_paper/CATE_E2_fixed_09/videos/v5_seed1_20260625_110928.mp4",
  "record_video": true,
  "deploy_seed": 1,
  "max_steps": 400,
  "executed_steps": 274,
  "success": true,
  "failure_mode": "success",
  "status": "ok",
  "error": "",
  "chunk_size": 50,
  "n_action_steps": 1,
  "temporal_ensemble_coeff": 0.9,
  "placement_xy_threshold": 0.1,
  "placement_z_threshold": 0.08,
  "device": "cuda",
  "initial_mug_position": [
    0.2866793608598408,
    -0.31055949530333116,
    0.8819944674045764
  ],
  "initial_plate_position": [
    0.30671276825176597,
    0.03221020891633716,
    0.8078856235290851
  ],
  "strict_success": true,
  "placement_success": true,
  "action_smoothness_mean": 0.02971066503965504,
  "action_smoothness_max": 1.0201789140701294,
  "prediction_inconsistency_mean": 0.08399626397060388,
  "prediction_inconsistency_max": 0.48577114939689636,
  "final_mug_plate_xy_dist": 0.0807633406194791,
  "min_mug_plate_xy_dist": 0.07819452259859648,
  "final_mug_plate_z_gap": 0.046459262758524744,
  "min_mug_plate_z_gap": 0.03423516718603792,
  "final_gripper_qpos": 0.06596815438204756,
  "final_ee_z": 1.129220992667757,
  "force_release_on_placement": true,
  "force_release_streak": 3,
  "release_latched": true,
  "release_trigger_step": 269,
  "placement_success_streak_max": 8
}