{
  "dataset_root": "datasets/demo_v5_30demos_random",
  "ckpt_dir": "./ckpt/v5",
  "xml_path": "./mode/demo_scene.xml",
  "video_path": "/home/xiaye/vla_learning/experiments/cac_act_paper/CATE_E2_fixed_09/videos/v5_seed11_20260625_111312.mp4",
  "record_video": true,
  "deploy_seed": 11,
  "max_steps": 400,
  "executed_steps": 243,
  "success": true,
  "failure_mode": "success",
  "status": "ok",
  "error": "",
  "chunk_size": 50,
  "n_action_steps": 1,
  "temporal_ensemble_coeff": 0.9,
  "placement_xy_threshold": 0.1,
  "placement_z_threshold": 0.08,
  "device": "cuda",
  "initial_mug_position": [
    0.35429557790948973,
    -0.1464908670409622,
    0.8819944674045764
  ],
  "initial_plate_position": [
    0.26883239771963713,
    -0.3882993422563828,
    0.8078856235290851
  ],
  "strict_success": true,
  "placement_success": true,
  "action_smoothness_mean": 0.03943418741730342,
  "action_smoothness_max": 1.0160375833511353,
  "prediction_inconsistency_mean": 0.07008232185155276,
  "prediction_inconsistency_max": 0.46939563751220703,
  "final_mug_plate_xy_dist": 0.08015443409347806,
  "min_mug_plate_xy_dist": 0.05176667394605003,
  "final_mug_plate_z_gap": 0.07858239275740808,
  "min_mug_plate_z_gap": 0.03423516718603792,
  "final_gripper_qpos": 0.028105677531837125,
  "final_ee_z": 1.1272447931888208,
  "force_release_on_placement": true,
  "force_release_streak": 3,
  "release_latched": true,
  "release_trigger_step": 236,
  "placement_success_streak_max": 5
}