{
  "dataset_root": "datasets/demo_v5_30demos_random",
  "ckpt_dir": "./ckpt/v5",
  "xml_path": "./mode/demo_scene.xml",
  "video_path": "/home/xiaye/vla_learning/experiments/cac_act_paper/CATE_E2_fixed_09/videos/v5_seed10_20260625_111254.mp4",
  "record_video": true,
  "deploy_seed": 10,
  "max_steps": 400,
  "executed_steps": 221,
  "success": true,
  "failure_mode": "success",
  "status": "ok",
  "error": "",
  "chunk_size": 50,
  "n_action_steps": 1,
  "temporal_ensemble_coeff": 0.9,
  "placement_xy_threshold": 0.1,
  "placement_z_threshold": 0.08,
  "device": "cuda",
  "initial_mug_position": [
    0.3581136902258635,
    -0.0995091160959516,
    0.8819943282116024
  ],
  "initial_plate_position": [
    0.36340106850371134,
    -0.3875328520636209,
    0.8078856234923445
  ],
  "strict_success": true,
  "placement_success": true,
  "action_smoothness_mean": 0.051194699032401494,
  "action_smoothness_max": 1.0165724754333496,
  "prediction_inconsistency_mean": 0.09681691647591915,
  "prediction_inconsistency_max": 0.4822443723678589,
  "final_mug_plate_xy_dist": 0.03991847115208989,
  "min_mug_plate_xy_dist": 0.034240718259604966,
  "final_mug_plate_z_gap": 0.045595122575514124,
  "min_mug_plate_z_gap": 0.03423502782550003,
  "final_gripper_qpos": 0.06703337896904621,
  "final_ee_z": 1.1781892913573655,
  "force_release_on_placement": true,
  "force_release_streak": 3,
  "release_latched": true,
  "release_trigger_step": 216,
  "placement_success_streak_max": 8
}