{
  "dataset_root": "datasets/demo_v5_30demos_random",
  "ckpt_dir": "./ckpt/v5",
  "xml_path": "./mode/demo_scene.xml",
  "video_path": "/home/xiaye/vla_learning/experiments/cac_act_paper/CATE_E2_fixed_09/videos/v5_seed2_20260625_110948.mp4",
  "record_video": true,
  "deploy_seed": 2,
  "max_steps": 400,
  "executed_steps": 252,
  "success": true,
  "failure_mode": "success",
  "status": "ok",
  "error": "",
  "chunk_size": 50,
  "n_action_steps": 1,
  "temporal_ensemble_coeff": 0.9,
  "placement_xy_threshold": 0.1,
  "placement_z_threshold": 0.08,
  "device": "cuda",
  "initial_mug_position": [
    0.3079577320576708,
    -0.1463923485411052,
    0.8819944674045763
  ],
  "initial_plate_position": [
    0.3097484318420746,
    -0.38442874805222277,
    0.8078856235290851
  ],
  "strict_success": true,
  "placement_success": true,
  "action_smoothness_mean": 0.03742762833892366,
  "action_smoothness_max": 1.0200525522232056,
  "prediction_inconsistency_mean": 0.0840185279419935,
  "prediction_inconsistency_max": 0.4742650091648102,
  "final_mug_plate_xy_dist": 0.029085706647168336,
  "min_mug_plate_xy_dist": 0.010836485329546374,
  "final_mug_plate_z_gap": 0.045186208288062524,
  "min_mug_plate_z_gap": 0.03423516718603792,
  "final_gripper_qpos": 0.06660854780669732,
  "final_ee_z": 1.1347274676393015,
  "force_release_on_placement": true,
  "force_release_streak": 3,
  "release_latched": true,
  "release_trigger_step": 247,
  "placement_success_streak_max": 8
}