{
  "dataset_root": "datasets/demo_v5_30demos_random",
  "ckpt_dir": "./ckpt/v5",
  "xml_path": "./mode/demo_scene.xml",
  "video_path": "/home/xiaye/vla_learning/experiments/cac_act_paper/CATE_E2_fixed_09/videos/v5_seed14_20260625_111423.mp4",
  "record_video": true,
  "deploy_seed": 14,
  "max_steps": 400,
  "executed_steps": 254,
  "success": true,
  "failure_mode": "success",
  "status": "ok",
  "error": "",
  "chunk_size": 50,
  "n_action_steps": 1,
  "temporal_ensemble_coeff": 0.9,
  "placement_xy_threshold": 0.1,
  "placement_z_threshold": 0.08,
  "device": "cuda",
  "initial_mug_position": [
    0.23959366100351717,
    -0.21277147449047626,
    0.8819944674045765
  ],
  "initial_plate_position": [
    0.3222201825029844,
    0.06391454409862037,
    0.8078856235290851
  ],
  "strict_success": true,
  "placement_success": true,
  "action_smoothness_mean": 0.03580296409648582,
  "action_smoothness_max": 1.0095659494400024,
  "prediction_inconsistency_mean": 0.07584816689709784,
  "prediction_inconsistency_max": 0.5002221465110779,
  "final_mug_plate_xy_dist": 0.04720963151471176,
  "min_mug_plate_xy_dist": 0.04720963151471176,
  "final_mug_plate_z_gap": 0.04562305934523536,
  "min_mug_plate_z_gap": 0.03423516718603792,
  "final_gripper_qpos": 0.06656816992241964,
  "final_ee_z": 1.1230082200201634,
  "force_release_on_placement": true,
  "force_release_streak": 3,
  "release_latched": true,
  "release_trigger_step": 249,
  "placement_success_streak_max": 8
}