{
  "dataset_root": "datasets/demo_v5_30demos_random",
  "ckpt_dir": "./ckpt/v5",
  "xml_path": "./mode/demo_scene.xml",
  "video_path": "/home/xiaye/vla_learning/experiments/cac_act_paper/CATE_E2_fixed_09/videos/v5_seed8_20260625_111213.mp4",
  "record_video": true,
  "deploy_seed": 8,
  "max_steps": 400,
  "executed_steps": 311,
  "success": true,
  "failure_mode": "success",
  "status": "ok",
  "error": "",
  "chunk_size": 50,
  "n_action_steps": 1,
  "temporal_ensemble_coeff": 0.9,
  "placement_xy_threshold": 0.1,
  "placement_z_threshold": 0.08,
  "device": "cuda",
  "initial_mug_position": [
    0.3232430598876424,
    -0.2589760330072249,
    0.8819944674045765
  ],
  "initial_plate_position": [
    0.37973795194604465,
    0.18113991054360148,
    0.8078856235290851
  ],
  "strict_success": true,
  "placement_success": true,
  "action_smoothness_mean": 0.03242774688208761,
  "action_smoothness_max": 1.0087050199508667,
  "prediction_inconsistency_mean": 0.09273333284222791,
  "prediction_inconsistency_max": 0.492480993270874,
  "final_mug_plate_xy_dist": 0.041545187721807854,
  "min_mug_plate_xy_dist": 0.041545187721807854,
  "final_mug_plate_z_gap": 0.046191889952231,
  "min_mug_plate_z_gap": 0.03423516718603792,
  "final_gripper_qpos": 0.06498394632516707,
  "final_ee_z": 1.1464471766252355,
  "force_release_on_placement": true,
  "force_release_streak": 3,
  "release_latched": true,
  "release_trigger_step": 306,
  "placement_success_streak_max": 8
}