{
  "dataset_root": "datasets/demo_v5_30demos_random",
  "ckpt_dir": "./ckpt/v5",
  "xml_path": "./mode/demo_scene.xml",
  "video_path": "/home/xiaye/vla_learning/experiments/cac_act_paper/CATE_E2_fixed_09/videos/v5_seed15_20260625_111442.mp4",
  "record_video": true,
  "deploy_seed": 15,
  "max_steps": 400,
  "executed_steps": 391,
  "success": true,
  "failure_mode": "success",
  "status": "ok",
  "error": "",
  "chunk_size": 50,
  "n_action_steps": 1,
  "temporal_ensemble_coeff": 0.9,
  "placement_xy_threshold": 0.1,
  "placement_z_threshold": 0.08,
  "device": "cuda",
  "initial_mug_position": [
    0.278289991459565,
    0.1519649089083389,
    0.8819944674045765
  ],
  "initial_plate_position": [
    0.37580007906232676,
    -0.29264693219635834,
    0.8078856235290851
  ],
  "strict_success": true,
  "placement_success": true,
  "action_smoothness_mean": 0.02739558654691045,
  "action_smoothness_max": 1.0151400566101074,
  "prediction_inconsistency_mean": 0.0545078324739081,
  "prediction_inconsistency_max": 0.46153441071510315,
  "final_mug_plate_xy_dist": 0.06901609272193647,
  "min_mug_plate_xy_dist": 0.01892531525309337,
  "final_mug_plate_z_gap": 0.045715741757531014,
  "min_mug_plate_z_gap": 0.03423516718603792,
  "final_gripper_qpos": 0.06670159713782496,
  "final_ee_z": 1.148653585239466,
  "force_release_on_placement": true,
  "force_release_streak": 3,
  "release_latched": true,
  "release_trigger_step": 386,
  "placement_success_streak_max": 8
}