{
  "dataset_root": "datasets/demo_v5_30demos_random",
  "ckpt_dir": "./ckpt/v5_finetune_new_data",
  "xml_path": "./mode/demo_scene.xml",
  "video_path": "./videos/v5_finetune_new_data_seed6_20260626_113716.mp4",
  "record_video": true,
  "deploy_seed": 6,
  "max_steps": 500,
  "executed_steps": 281,
  "success": true,
  "failure_mode": "success",
  "status": "ok",
  "error": "",
  "chunk_size": 50,
  "n_action_steps": 1,
  "temporal_ensemble_coeff": 0.9,
  "placement_xy_threshold": 0.1,
  "placement_z_threshold": 0.08,
  "device": "cuda",
  "initial_mug_position": [
    0.24497760935478663,
    -0.3340190218320182,
    0.8819944674045765
  ],
  "initial_plate_position": [
    0.3828468717291141,
    -0.20079660396825139,
    0.8078856235290851
  ],
  "strict_success": true,
  "placement_success": true,
  "action_smoothness_mean": 0.029896584142677186,
  "action_smoothness_max": 1.0078222751617432,
  "prediction_inconsistency_mean": 0.0807158232816229,
  "prediction_inconsistency_max": 0.48004990816116333,
  "final_mug_plate_xy_dist": 0.053966136619182814,
  "min_mug_plate_xy_dist": 0.05205696009249156,
  "final_mug_plate_z_gap": 0.04803691727932713,
  "min_mug_plate_z_gap": 0.03423516718603792,
  "final_gripper_qpos": 0.06605932901965444,
  "final_ee_z": 1.1344736600430856,
  "force_release_on_placement": true,
  "force_release_streak": 3,
  "release_latched": true,
  "release_trigger_step": 276,
  "placement_success_streak_max": 8
}