{
  "dataset_root": "datasets/demo_v5_30demos_random",
  "ckpt_dir": "./ckpt/v5_finetune_new_data",
  "xml_path": "./mode/demo_scene.xml",
  "video_path": "./videos/v5_finetune_new_data_seed6_20260626_113616.mp4",
  "record_video": true,
  "deploy_seed": 6,
  "max_steps": 500,
  "executed_steps": 281,
  "success": true,
  "failure_mode": "success",
  "status": "ok",
  "error": "",
  "chunk_size": 50,
  "n_action_steps": 1,
  "temporal_ensemble_coeff": 0.9,
  "placement_xy_threshold": 0.1,
  "placement_z_threshold": 0.08,
  "device": "cuda",
  "initial_mug_position": [
    0.24497760935478657,
    -0.3340190218320183,
    0.8819944674045765
  ],
  "initial_plate_position": [
    0.38284687172911414,
    -0.2007966039682514,
    0.8078856235290851
  ],
  "strict_success": true,
  "placement_success": true,
  "action_smoothness_mean": 0.029908669551514323,
  "action_smoothness_max": 1.0078269243240356,
  "prediction_inconsistency_mean": 0.08085497240036991,
  "prediction_inconsistency_max": 0.48004990816116333,
  "final_mug_plate_xy_dist": 0.05426967344683676,
  "min_mug_plate_xy_dist": 0.05195390409784921,
  "final_mug_plate_z_gap": 0.04744195445342547,
  "min_mug_plate_z_gap": 0.03423516718603803,
  "final_gripper_qpos": 0.06605689232311998,
  "final_ee_z": 1.1344915456668316,
  "force_release_on_placement": true,
  "force_release_streak": 3,
  "release_latched": true,
  "release_trigger_step": 276,
  "placement_success_streak_max": 8
}