{
  "dataset_root": "datasets/demo_v5_30demos_random",
  "ckpt_dir": "./ckpt/v5_finetune_new_data",
  "xml_path": "./mode/demo_scene.xml",
  "video_path": "./videos/v5_finetune_new_data_seed6_20260626_112922.mp4",
  "record_video": true,
  "deploy_seed": 6,
  "max_steps": 500,
  "executed_steps": 281,
  "success": true,
  "failure_mode": "success",
  "status": "ok",
  "error": "",
  "chunk_size": 50,
  "n_action_steps": 1,
  "temporal_ensemble_coeff": 0.9,
  "placement_xy_threshold": 0.1,
  "placement_z_threshold": 0.08,
  "device": "cuda",
  "initial_mug_position": [
    0.24497760935478682,
    -0.33401902183201826,
    0.8819944674045764
  ],
  "initial_plate_position": [
    0.3828468717291143,
    -0.20079660396825139,
    0.8078856235290851
  ],
  "strict_success": true,
  "placement_success": true,
  "action_smoothness_mean": 0.029899089964601444,
  "action_smoothness_max": 1.0078238248825073,
  "prediction_inconsistency_mean": 0.08077515784285165,
  "prediction_inconsistency_max": 0.48004990816116333,
  "final_mug_plate_xy_dist": 0.05456605332942797,
  "min_mug_plate_xy_dist": 0.05199047836153511,
  "final_mug_plate_z_gap": 0.04714785859237791,
  "min_mug_plate_z_gap": 0.03423516718603792,
  "final_gripper_qpos": 0.06603991996295808,
  "final_ee_z": 1.1345180379488082,
  "force_release_on_placement": true,
  "force_release_streak": 3,
  "release_latched": true,
  "release_trigger_step": 276,
  "placement_success_streak_max": 8
}