{
  "dataset_root": "datasets/demo_v5_30demos_random",
  "ckpt_dir": "./ckpt/v5_finetune_new_data",
  "xml_path": "./mode/demo_scene.xml",
  "video_path": "./videos/v5_finetune_new_data_seed1_20260627_111407.mp4",
  "record_video": true,
  "deploy_seed": 1,
  "max_steps": 500,
  "executed_steps": 273,
  "success": false,
  "failure_mode": "viewer_closed",
  "status": "ok",
  "error": "",
  "chunk_size": 50,
  "n_action_steps": 1,
  "temporal_ensemble_coeff": 0.01,
  "placement_xy_threshold": 0.1,
  "placement_z_threshold": 0.08,
  "device": "cuda",
  "initial_mug_position": [
    0.2866793608598409,
    -0.31055949530333116,
    0.8819944674045764
  ],
  "initial_plate_position": [
    0.30671276825176585,
    0.03221020891633731,
    0.8078856235290851
  ],
  "strict_success": false,
  "placement_success": false,
  "action_smoothness_mean": 0.007882460831751814,
  "action_smoothness_max": 0.04802100360393524,
  "prediction_inconsistency_mean": 0.10225760772728416,
  "prediction_inconsistency_max": 0.43322253227233887,
  "final_mug_plate_xy_dist": 0.344693715667756,
  "min_mug_plate_xy_dist": 0.34334166224759743,
  "final_mug_plate_z_gap": 0.036768588990627515,
  "min_mug_plate_z_gap": 0.03423516718603792,
  "final_gripper_qpos": 0.26038810445250704,
  "final_ee_z": 1.1873046254461792,
  "force_release_on_placement": true,
  "force_release_streak": 3,
  "release_latched": false,
  "release_trigger_step": null,
  "placement_success_streak_max": 0
}