{
  "dataset_root": "datasets/demo_v5_30demos_random",
  "ckpt_dir": "./ckpt/v5",
  "xml_path": "./mode/demo_scene.xml",
  "video_path": "./videos/v5_seed42_20260624_213437.mp4",
  "record_video": true,
  "deploy_seed": 42,
  "max_steps": 400,
  "executed_steps": 76,
  "success": false,
  "failure_mode": "viewer_closed",
  "status": "ok",
  "error": "",
  "chunk_size": 50,
  "n_action_steps": 1,
  "temporal_ensemble_coeff": 0.9,
  "placement_xy_threshold": 0.1,
  "placement_z_threshold": 0.08,
  "device": "cuda",
  "initial_mug_position": [
    0.3365423421803349,
    -0.32931666674721227,
    0.8856603612130419
  ],
  "initial_plate_position": [
    0.30279607970011196,
    0.17232548714626683,
    0.8078856281698268
  ],
  "strict_success": false,
  "placement_success": false,
  "action_smoothness_mean": 0.016374875193772218,
  "action_smoothness_max": 0.08889777958393097,
  "prediction_inconsistency_mean": 0.07612433787435294,
  "prediction_inconsistency_max": 0.13070182502269745,
  "final_mug_plate_xy_dist": 0.49835255663145817,
  "min_mug_plate_xy_dist": 0.47866842142916294,
  "final_mug_plate_z_gap": 0.02469780732648219,
  "min_mug_plate_z_gap": 0.024480738018024195,
  "final_gripper_qpos": 0.0029328362278069277,
  "final_ee_z": 1.3573162110097943,
  "force_release_on_placement": true,
  "force_release_streak": 3,
  "release_latched": false,
  "release_trigger_step": null,
  "placement_success_streak_max": 0
}