{
  "dataset_root": "datasets/demo_v5_30demos_random",
  "ckpt_dir": "./ckpt/v5",
  "xml_path": "./mode/demo_scene.xml",
  "video_path": "./videos/v5_seed5_20260626_112714.mp4",
  "record_video": true,
  "deploy_seed": 5,
  "max_steps": 500,
  "executed_steps": 284,
  "success": true,
  "failure_mode": "success",
  "status": "ok",
  "error": "",
  "chunk_size": 50,
  "n_action_steps": 1,
  "temporal_ensemble_coeff": 0.9,
  "placement_xy_threshold": 0.1,
  "placement_z_threshold": 0.08,
  "device": "cuda",
  "initial_mug_position": [
    0.38528389450881395,
    -0.10556631651670136,
    0.8819944674045764
  ],
  "initial_plate_position": [
    0.27550815487371233,
    0.12245489655746825,
    0.8078856235290851
  ],
  "strict_success": true,
  "placement_success": true,
  "action_smoothness_mean": 0.03469434968881184,
  "action_smoothness_max": 0.9896594882011414,
  "prediction_inconsistency_mean": 0.05758187150773543,
  "prediction_inconsistency_max": 0.48380008339881897,
  "final_mug_plate_xy_dist": 0.06400103155505572,
  "min_mug_plate_xy_dist": 0.040290117573436694,
  "final_mug_plate_z_gap": 0.05078635538208143,
  "min_mug_plate_z_gap": 0.03423516718603792,
  "final_gripper_qpos": 0.07310921694158667,
  "final_ee_z": 1.1204399257302167,
  "force_release_on_placement": true,
  "force_release_streak": 3,
  "release_latched": true,
  "release_trigger_step": 279,
  "placement_success_streak_max": 5
}