{
  "dataset_root": "datasets/demo_v5_30demos_random",
  "ckpt_dir": "./ckpt/v5",
  "xml_path": "./mode/demo_scene.xml",
  "video_path": "./videos/v5_seed42_20260624_212821.mp4",
  "record_video": true,
  "deploy_seed": 42,
  "max_steps": 400,
  "executed_steps": 293,
  "success": false,
  "failure_mode": "viewer_closed",
  "status": "ok",
  "error": "",
  "chunk_size": 50,
  "n_action_steps": 1,
  "temporal_ensemble_coeff": 0.9,
  "placement_xy_threshold": 0.05,
  "device": "cuda",
  "initial_mug_position": [
    0.4048718734003072,
    -0.17658051278752934,
    0.9686603524860755
  ],
  "initial_plate_position": [
    0.31953559563614353,
    0.1906659100226142,
    0.807881960403357
  ],
  "strict_success": false,
  "placement_success": false,
  "action_smoothness_mean": 0.06508451227273326,
  "action_smoothness_max": 0.5814843773841858,
  "prediction_inconsistency_mean": 0.27674872180676624,
  "prediction_inconsistency_max": 0.5106011629104614,
  "final_mug_plate_xy_dist": 0.2936360561038351,
  "min_mug_plate_xy_dist": 0.15017293570464235,
  "final_mug_plate_z_gap": 0.024718197067952752,
  "min_mug_plate_z_gap": 0.02440700125204065,
  "final_gripper_qpos": 0.7818583546946183,
  "final_ee_z": 1.1502436649458723,
  "force_release_on_placement": true,
  "force_release_streak": 3,
  "release_latched": false,
  "release_trigger_step": null,
  "placement_success_streak_max": 0
}