{
  "dataset_root": "datasets/demo_v5_30demos_random",
  "ckpt_dir": "./ckpt/v5",
  "xml_path": "./mode/demo_scene.xml",
  "video_path": "./videos/v5_seed42_20260624_213511.mp4",
  "record_video": true,
  "deploy_seed": 42,
  "max_steps": 400,
  "executed_steps": 276,
  "success": true,
  "failure_mode": "success",
  "status": "ok",
  "error": "",
  "chunk_size": 50,
  "n_action_steps": 1,
  "temporal_ensemble_coeff": 0.9,
  "placement_xy_threshold": 0.1,
  "placement_z_threshold": 0.08,
  "device": "cuda",
  "initial_mug_position": [
    0.3340915067102724,
    -0.3050018455281371,
    0.8819944674045764
  ],
  "initial_plate_position": [
    0.299915666514932,
    0.17044409669699204,
    0.8078856235290851
  ],
  "strict_success": true,
  "placement_success": true,
  "action_smoothness_mean": 0.030633646703261713,
  "action_smoothness_max": 1.0095412731170654,
  "prediction_inconsistency_mean": 0.08080622476271608,
  "prediction_inconsistency_max": 0.4933682680130005,
  "final_mug_plate_xy_dist": 0.02413154095680918,
  "min_mug_plate_xy_dist": 0.01017191004079777,
  "final_mug_plate_z_gap": 0.04611877698291278,
  "min_mug_plate_z_gap": 0.03423516718603792,
  "final_gripper_qpos": 0.06644756614932246,
  "final_ee_z": 1.1368536855291789,
  "force_release_on_placement": true,
  "force_release_streak": 3,
  "release_latched": true,
  "release_trigger_step": 271,
  "placement_success_streak_max": 8
}