{
  "dataset_root": "datasets/demo_v5_30demos_random",
  "ckpt_dir": "./ckpt/v5",
  "xml_path": "./mode/demo_scene.xml",
  "video_path": "./videos/v5_seed42_20260624_213447.mp4",
  "record_video": true,
  "deploy_seed": 42,
  "max_steps": 400,
  "executed_steps": 100,
  "success": false,
  "failure_mode": "viewer_closed",
  "status": "ok",
  "error": "",
  "chunk_size": 50,
  "n_action_steps": 1,
  "temporal_ensemble_coeff": 0.9,
  "placement_xy_threshold": 0.1,
  "placement_z_threshold": 0.08,
  "device": "cuda",
  "initial_mug_position": [
    0.29128333936350387,
    -0.2126541133506869,
    0.9463335499560377
  ],
  "initial_plate_position": [
    0.2297684975436797,
    0.29897099102740643,
    0.900515588904964
  ],
  "strict_success": false,
  "placement_success": false,
  "action_smoothness_mean": 0.017551512716131076,
  "action_smoothness_max": 0.22741976380348206,
  "prediction_inconsistency_mean": 0.08247318427370053,
  "prediction_inconsistency_max": 0.13043227791786194,
  "final_mug_plate_xy_dist": 0.5024496473679336,
  "min_mug_plate_xy_dist": 0.5024186064480086,
  "final_mug_plate_z_gap": 0.024702898545691854,
  "min_mug_plate_z_gap": 0.024540240020671455,
  "final_gripper_qpos": 0.0029292130475523067,
  "final_ee_z": 1.4174382586570353,
  "force_release_on_placement": true,
  "force_release_streak": 3,
  "release_latched": false,
  "release_trigger_step": null,
  "placement_success_streak_max": 0
}