{
  "dataset_root": "datasets/demo_v5_30demos_random",
  "ckpt_dir": "./ckpt/v5",
  "xml_path": "./mode/demo_scene.xml",
  "video_path": "./videos/v5_seed42_20260624_212851.mp4",
  "record_video": true,
  "deploy_seed": 42,
  "max_steps": 400,
  "executed_steps": 236,
  "success": true,
  "failure_mode": "success",
  "status": "ok",
  "error": "",
  "chunk_size": 50,
  "n_action_steps": 1,
  "temporal_ensemble_coeff": 0.9,
  "placement_xy_threshold": 0.05,
  "device": "cuda",
  "initial_mug_position": [
    0.3340915067102724,
    -0.30500184552813714,
    0.8819944674045764
  ],
  "initial_plate_position": [
    0.299915666514932,
    0.17044409669699206,
    0.8078856235290851
  ],
  "strict_success": true,
  "placement_success": true,
  "action_smoothness_mean": 0.03428110687366805,
  "action_smoothness_max": 1.0160956382751465,
  "prediction_inconsistency_mean": 0.0855526166512294,
  "prediction_inconsistency_max": 0.4933682680130005,
  "final_mug_plate_xy_dist": 0.04319745811808351,
  "min_mug_plate_xy_dist": 0.033856763214168833,
  "final_mug_plate_z_gap": 0.050177879820027305,
  "min_mug_plate_z_gap": 0.03423516718603792,
  "final_gripper_qpos": 0.06655197461638424,
  "final_ee_z": 1.188481958359266,
  "force_release_on_placement": true,
  "force_release_streak": 3,
  "release_latched": true,
  "release_trigger_step": 231,
  "placement_success_streak_max": 8
}