{
  "dataset_root": "datasets/demo_v5_30demos_random",
  "ckpt_dir": "./ckpt/v5",
  "xml_path": "./mode/demo_scene.xml",
  "video_path": "./videos/v5_seed42_20260624_212338.mp4",
  "record_video": true,
  "deploy_seed": 42,
  "max_steps": 400,
  "executed_steps": 229,
  "success": true,
  "failure_mode": "success",
  "status": "ok",
  "error": "",
  "chunk_size": 50,
  "n_action_steps": 1,
  "temporal_ensemble_coeff": 0.9,
  "placement_xy_threshold": 0.1,
  "device": "cuda",
  "initial_mug_position": [
    0.3340915067102723,
    -0.3050018455281371,
    0.8819944674045764
  ],
  "initial_plate_position": [
    0.2999156665149323,
    0.17044409669699218,
    0.8078856235290851
  ],
  "strict_success": true,
  "placement_success": true,
  "action_smoothness_mean": 0.03509214711709973,
  "action_smoothness_max": 1.0159133672714233,
  "prediction_inconsistency_mean": 0.0849108764403418,
  "prediction_inconsistency_max": 0.4933682680130005,
  "final_mug_plate_xy_dist": 0.06378528460159537,
  "min_mug_plate_xy_dist": 0.06126313121879215,
  "final_mug_plate_z_gap": 0.05163341118100939,
  "min_mug_plate_z_gap": 0.03423516718603792,
  "final_gripper_qpos": 0.06651390547873766,
  "final_ee_z": 1.189222182986905,
  "force_release_on_placement": true,
  "force_release_streak": 3,
  "release_latched": true,
  "release_trigger_step": 224,
  "placement_success_streak_max": 8
}