{
  "dataset_root": "datasets/demo_v5_30demos_random",
  "ckpt_dir": "./ckpt/v5",
  "xml_path": "./mode/demo_scene.xml",
  "video_path": "./videos/v5_seed3_20260625_212841.mp4",
  "record_video": true,
  "deploy_seed": 3,
  "max_steps": 450,
  "executed_steps": 135,
  "success": false,
  "failure_mode": "viewer_closed",
  "status": "ok",
  "error": "",
  "chunk_size": 50,
  "n_action_steps": 1,
  "temporal_ensemble_coeff": 0.9,
  "adaptive_te": true,
  "adaptive_alpha_min": null,
  "adaptive_alpha_max": 0.3,
  "adaptive_gamma_max": 0.3,
  "adaptive_lambda": 2.0,
  "adaptive_window_size": 10,
  "adaptive_debug": false,
  "adaptive_debug_interval": 20,
  "placement_xy_threshold": 0.1,
  "placement_z_threshold": 0.08,
  "device": "cuda",
  "initial_mug_position": [
    0.25839979891296005,
    -0.274267302910687,
    0.8819944674045764
  ],
  "initial_plate_position": [
    0.3281169119112862,
    0.024904206421905186,
    0.8078856235290851
  ],
  "strict_success": false,
  "placement_success": false,
  "action_smoothness_mean": 0.0028545617955821954,
  "action_smoothness_max": 0.016943957656621933,
  "prediction_inconsistency_mean": 0.017071427784359723,
  "prediction_inconsistency_max": 0.036042191088199615,
  "adaptive_gamma_mean": 0.279917975124554,
  "adaptive_gamma_min_observed": 0.2582714273410625,
  "adaptive_gamma_max_observed": 0.2878807572847663,
  "adaptive_alpha_mean": 0.279917975124554,
  "adaptive_alpha_min_observed": 0.2582714273410625,
  "adaptive_alpha_max_observed": 0.2878807572847663,
  "final_mug_plate_xy_dist": 0.308270903785233,
  "min_mug_plate_xy_dist": 0.3071775425506213,
  "final_mug_plate_z_gap": 0.036768588990627515,
  "min_mug_plate_z_gap": 0.03423516718603803,
  "final_gripper_qpos": 0.002933648816953445,
  "final_ee_z": 1.5970276268342352,
  "force_release_on_placement": true,
  "force_release_streak": 3,
  "release_latched": false,
  "release_trigger_step": null,
  "placement_success_streak_max": 0
}