{
  "dataset_root": "datasets/demo_v5_30demos_random",
  "ckpt_dir": "./ckpt/v5",
  "xml_path": "./mode/demo_scene.xml",
  "video_path": "./videos/v5_seed3_20260625_144446.mp4",
  "record_video": true,
  "deploy_seed": 3,
  "max_steps": 400,
  "executed_steps": 243,
  "success": true,
  "failure_mode": "success",
  "status": "ok",
  "error": "",
  "chunk_size": 50,
  "n_action_steps": 1,
  "temporal_ensemble_coeff": 0.9,
  "placement_xy_threshold": 0.1,
  "placement_z_threshold": 0.08,
  "device": "cuda",
  "initial_mug_position": [
    0.2583997989129603,
    -0.274267302910687,
    0.8819944674045764
  ],
  "initial_plate_position": [
    0.32811691191128606,
    0.02490420642190528,
    0.8078856235290851
  ],
  "strict_success": true,
  "placement_success": true,
  "action_smoothness_mean": 0.0356961919847695,
  "action_smoothness_max": 1.02009916305542,
  "prediction_inconsistency_mean": 0.06370604343804692,
  "prediction_inconsistency_max": 0.4960249364376068,
  "final_mug_plate_xy_dist": 0.06712684311008112,
  "min_mug_plate_xy_dist": 0.06170233140131243,
  "final_mug_plate_z_gap": 0.04570898210665242,
  "min_mug_plate_z_gap": 0.03423516718603792,
  "final_gripper_qpos": 0.06505537295690528,
  "final_ee_z": 1.1390120959866548,
  "force_release_on_placement": true,
  "force_release_streak": 3,
  "release_latched": true,
  "release_trigger_step": 238,
  "placement_success_streak_max": 8
}