{
  "dataset_root": "datasets/demo_v5_30demos_random",
  "ckpt_dir": "./ckpt/v5",
  "xml_path": "./mode/demo_scene.xml",
  "video_path": "./videos/v5_seed6_20260626_112741.mp4",
  "record_video": true,
  "deploy_seed": 6,
  "max_steps": 500,
  "executed_steps": 480,
  "success": false,
  "failure_mode": "viewer_closed",
  "status": "ok",
  "error": "",
  "chunk_size": 50,
  "n_action_steps": 1,
  "temporal_ensemble_coeff": 0.9,
  "placement_xy_threshold": 0.1,
  "placement_z_threshold": 0.08,
  "device": "cuda",
  "initial_mug_position": [
    0.24497760935478674,
    -0.33401902183201826,
    0.8819944674045764
  ],
  "initial_plate_position": [
    0.3828468717291145,
    -0.20079660396825136,
    0.8078856235290851
  ],
  "strict_success": false,
  "placement_success": false,
  "action_smoothness_mean": 0.025999100764606747,
  "action_smoothness_max": 0.5949406027793884,
  "prediction_inconsistency_mean": 0.2352553259324679,
  "prediction_inconsistency_max": 0.5572752356529236,
  "final_mug_plate_xy_dist": 0.19176406201828347,
  "min_mug_plate_xy_dist": 0.19167711428374096,
  "final_mug_plate_z_gap": 0.036768588990627515,
  "min_mug_plate_z_gap": 0.03423516718603792,
  "final_gripper_qpos": 0.0029293050385485212,
  "final_ee_z": 1.1557586725896491,
  "force_release_on_placement": true,
  "force_release_streak": 3,
  "release_latched": false,
  "release_trigger_step": null,
  "placement_success_streak_max": 0
}