{
  "dataset_root": "datasets/demo_v5_30demos_random",
  "ckpt_dir": "./ckpt/v5",
  "xml_path": "./mode/demo_scene.xml",
  "video_path": "./videos/v5_seed3_20260626_103800.mp4",
  "record_video": true,
  "deploy_seed": 3,
  "max_steps": 500,
  "executed_steps": 57,
  "success": false,
  "failure_mode": "viewer_closed",
  "status": "ok",
  "error": "",
  "chunk_size": 50,
  "n_action_steps": 1,
  "temporal_ensemble_coeff": 0.9,
  "placement_xy_threshold": 0.1,
  "placement_z_threshold": 0.08,
  "device": "cuda",
  "initial_mug_position": [
    0.25839979891295983,
    -0.274267302910687,
    0.8819944674045764
  ],
  "initial_plate_position": [
    0.3281169119112862,
    0.024904206421905245,
    0.8078856235290851
  ],
  "strict_success": false,
  "placement_success": false,
  "action_smoothness_mean": 0.015287918599954407,
  "action_smoothness_max": 0.10539852827787399,
  "prediction_inconsistency_mean": 0.02458748277941985,
  "prediction_inconsistency_max": 0.04858126491308212,
  "final_mug_plate_xy_dist": 0.30827090378523286,
  "min_mug_plate_xy_dist": 0.3071775425506214,
  "final_mug_plate_z_gap": 0.036768588990627515,
  "min_mug_plate_z_gap": 0.03423516718603792,
  "final_gripper_qpos": 0.002936469183858299,
  "final_ee_z": 1.4921712369569244,
  "force_release_on_placement": true,
  "force_release_streak": 3,
  "release_latched": false,
  "release_trigger_step": null,
  "placement_success_streak_max": 0
}