{
  "dataset_root": "datasets/demo_v5_30demos_random",
  "ckpt_dir": "./ckpt/v5",
  "xml_path": "./mode/demo_scene.xml",
  "video_path": "/home/xiaye/vla_learning/experiments/cac_act_paper/CATE_E1b_fixed_03/videos/v5_seed18_20260625_170826.mp4",
  "record_video": true,
  "deploy_seed": 18,
  "max_steps": 400,
  "executed_steps": 333,
  "success": true,
  "failure_mode": "success",
  "status": "ok",
  "error": "",
  "chunk_size": 50,
  "n_action_steps": 1,
  "temporal_ensemble_coeff": 0.3,
  "placement_xy_threshold": 0.1,
  "placement_z_threshold": 0.08,
  "device": "cuda",
  "initial_mug_position": [
    0.2674005852981918,
    0.11272681141115959,
    0.8819944674045765
  ],
  "initial_plate_position": [
    0.3440491261776885,
    -0.09671246290805204,
    0.8078856235290851
  ],
  "strict_success": true,
  "placement_success": true,
  "action_smoothness_mean": 0.02341895080111915,
  "action_smoothness_max": 1.0041882991790771,
  "prediction_inconsistency_mean": 0.09311373915007136,
  "prediction_inconsistency_max": 0.4990224540233612,
  "final_mug_plate_xy_dist": 0.04768208477091313,
  "min_mug_plate_xy_dist": 0.03316001660593531,
  "final_mug_plate_z_gap": 0.047400923926165905,
  "min_mug_plate_z_gap": 0.03423516718603792,
  "final_gripper_qpos": 0.06668802561853909,
  "final_ee_z": 1.107117793929592,
  "force_release_on_placement": true,
  "force_release_streak": 3,
  "release_latched": true,
  "release_trigger_step": 328,
  "placement_success_streak_max": 8
}