{
  "dataset_root": "datasets/demo_v5_30demos_random",
  "ckpt_dir": "./ckpt/v5",
  "xml_path": "./mode/demo_scene.xml",
  "video_path": "/home/xiaye/vla_learning/experiments/cac_act_paper/CATE_E1b_fixed_03/videos/v5_seed20_20260625_170856.mp4",
  "record_video": true,
  "deploy_seed": 20,
  "max_steps": 400,
  "executed_steps": 298,
  "success": true,
  "failure_mode": "success",
  "status": "ok",
  "error": "",
  "chunk_size": 50,
  "n_action_steps": 1,
  "temporal_ensemble_coeff": 0.3,
  "placement_xy_threshold": 0.1,
  "placement_z_threshold": 0.08,
  "device": "cuda",
  "initial_mug_position": [
    0.36884014560797596,
    -0.3770792784234871,
    0.8819944674045764
  ],
  "initial_plate_position": [
    0.33409017567171806,
    0.13864374959669326,
    0.8078856235290851
  ],
  "strict_success": true,
  "placement_success": true,
  "action_smoothness_mean": 0.03072036155997321,
  "action_smoothness_max": 1.0146589279174805,
  "prediction_inconsistency_mean": 0.11981675495402981,
  "prediction_inconsistency_max": 0.5020595788955688,
  "final_mug_plate_xy_dist": 0.0968097858127282,
  "min_mug_plate_xy_dist": 0.09086111120533924,
  "final_mug_plate_z_gap": 0.04946437950362714,
  "min_mug_plate_z_gap": 0.03423516718603792,
  "final_gripper_qpos": 0.07485699373583218,
  "final_ee_z": 1.1985058255115446,
  "force_release_on_placement": true,
  "force_release_streak": 3,
  "release_latched": true,
  "release_trigger_step": 293,
  "placement_success_streak_max": 8
}