{
  "dataset_root": "datasets/demo_v5_30demos_random",
  "ckpt_dir": "./ckpt/v5",
  "xml_path": "./mode/demo_scene.xml",
  "video_path": "/home/xiaye/vla_learning/experiments/cac_act_paper/CATE_E1b_fixed_03/videos/v5_seed19_20260625_170849.mp4",
  "record_video": true,
  "deploy_seed": 19,
  "max_steps": 400,
  "executed_steps": 4,
  "success": true,
  "failure_mode": "success",
  "status": "ok",
  "error": "",
  "chunk_size": 50,
  "n_action_steps": 1,
  "temporal_ensemble_coeff": 0.3,
  "placement_xy_threshold": 0.1,
  "placement_z_threshold": 0.08,
  "device": "cuda",
  "initial_mug_position": [
    0.23855752901972152,
    -0.006361574192151199,
    0.9880028537536855
  ],
  "initial_plate_position": [
    0.29044771404751735,
    0.08898688968939514,
    0.8078830492242622
  ],
  "strict_success": true,
  "placement_success": true,
  "action_smoothness_mean": 0.019470894398788612,
  "action_smoothness_max": 0.029304539784789085,
  "prediction_inconsistency_mean": 0.02185639242331187,
  "prediction_inconsistency_max": 0.023693209514021873,
  "final_mug_plate_xy_dist": 0.08631205517169012,
  "min_mug_plate_xy_dist": 0.06886359994089819,
  "final_mug_plate_z_gap": 0.03889954811582874,
  "min_mug_plate_z_gap": 0.03889954811582874,
  "final_gripper_qpos": 0.0029240133651040005,
  "final_ee_z": 1.5933824010238962,
  "force_release_on_placement": true,
  "force_release_streak": 3,
  "release_latched": false,
  "release_trigger_step": null,
  "placement_success_streak_max": 1
}