{
  "dataset_root": "datasets/demo_v5_30demos_random",
  "ckpt_dir": "./ckpt/v5",
  "xml_path": "./mode/demo_scene.xml",
  "video_path": "/home/xiaye/vla_learning/experiments/cac_act_paper/CATE_E1b_fixed_03/videos/v5_seed3_20260625_170249.mp4",
  "record_video": true,
  "deploy_seed": 3,
  "max_steps": 400,
  "executed_steps": 257,
  "success": true,
  "failure_mode": "success",
  "status": "ok",
  "error": "",
  "chunk_size": 50,
  "n_action_steps": 1,
  "temporal_ensemble_coeff": 0.3,
  "placement_xy_threshold": 0.1,
  "placement_z_threshold": 0.08,
  "device": "cuda",
  "initial_mug_position": [
    0.25839979891295983,
    -0.274267302910687,
    0.8819944674045764
  ],
  "initial_plate_position": [
    0.32811691191128617,
    0.024904206421905224,
    0.8078856235290851
  ],
  "strict_success": true,
  "placement_success": true,
  "action_smoothness_mean": 0.029245154913724036,
  "action_smoothness_max": 1.0163936614990234,
  "prediction_inconsistency_mean": 0.05744509756186744,
  "prediction_inconsistency_max": 0.4587291479110718,
  "final_mug_plate_xy_dist": 0.04891479174803144,
  "min_mug_plate_xy_dist": 0.04891479174803144,
  "final_mug_plate_z_gap": 0.04795517962149776,
  "min_mug_plate_z_gap": 0.03423516718603792,
  "final_gripper_qpos": 0.0666382059917308,
  "final_ee_z": 1.1086465622018722,
  "force_release_on_placement": true,
  "force_release_streak": 3,
  "release_latched": true,
  "release_trigger_step": 252,
  "placement_success_streak_max": 8
}