{
  "dataset_root": "datasets/demo_v5_30demos_random",
  "ckpt_dir": "./ckpt/v5",
  "xml_path": "./mode/demo_scene.xml",
  "video_path": "/home/xiaye/vla_learning/experiments/cac_act_paper/CATE_E1b_fixed_03/videos/v5_seed5_20260625_170330.mp4",
  "record_video": true,
  "deploy_seed": 5,
  "max_steps": 400,
  "executed_steps": 255,
  "success": true,
  "failure_mode": "success",
  "status": "ok",
  "error": "",
  "chunk_size": 50,
  "n_action_steps": 1,
  "temporal_ensemble_coeff": 0.3,
  "placement_xy_threshold": 0.1,
  "placement_z_threshold": 0.08,
  "device": "cuda",
  "initial_mug_position": [
    0.38528389450881395,
    -0.10556631651670136,
    0.8819944674045764
  ],
  "initial_plate_position": [
    0.27550815487371255,
    0.12245489655746826,
    0.8078856235290851
  ],
  "strict_success": true,
  "placement_success": true,
  "action_smoothness_mean": 0.03227930795172171,
  "action_smoothness_max": 1.0195033550262451,
  "prediction_inconsistency_mean": 0.06078196427689528,
  "prediction_inconsistency_max": 0.4917471706867218,
  "final_mug_plate_xy_dist": 0.06562217399493825,
  "min_mug_plate_xy_dist": 0.06254214125129652,
  "final_mug_plate_z_gap": 0.04518023212724798,
  "min_mug_plate_z_gap": 0.03423516718603792,
  "final_gripper_qpos": 0.06643461454754818,
  "final_ee_z": 1.156529798002581,
  "force_release_on_placement": true,
  "force_release_streak": 3,
  "release_latched": true,
  "release_trigger_step": 250,
  "placement_success_streak_max": 8
}