{
  "dataset_root": "datasets/demo_v5_30demos_random",
  "ckpt_dir": "./ckpt/v5",
  "xml_path": "./mode/demo_scene.xml",
  "video_path": "/home/xiaye/vla_learning/experiments/cac_act_paper/CATE_E1b_fixed_03/videos/v5_seed17_20260625_170814.mp4",
  "record_video": true,
  "deploy_seed": 17,
  "max_steps": 400,
  "executed_steps": 85,
  "success": true,
  "failure_mode": "success",
  "status": "ok",
  "error": "",
  "chunk_size": 50,
  "n_action_steps": 1,
  "temporal_ensemble_coeff": 0.3,
  "placement_xy_threshold": 0.1,
  "placement_z_threshold": 0.08,
  "device": "cuda",
  "initial_mug_position": [
    -0.12738283720444515,
    -0.1700717610691556,
    2.330463879211642
  ],
  "initial_plate_position": [
    -0.0712802772289309,
    -0.24979201320971406,
    1.741845107986215
  ],
  "strict_success": true,
  "placement_success": true,
  "action_smoothness_mean": 0.007750102281404127,
  "action_smoothness_max": 0.1007043719291687,
  "prediction_inconsistency_mean": 0.0909721492678814,
  "prediction_inconsistency_max": 0.17273660004138947,
  "final_mug_plate_xy_dist": 0.029223477181372248,
  "min_mug_plate_xy_dist": 0.011304792231989302,
  "final_mug_plate_z_gap": 0.006995874606365668,
  "min_mug_plate_z_gap": 0.004914616760593415,
  "final_gripper_qpos": 0.002250397547470515,
  "final_ee_z": 1.030514813584317,
  "force_release_on_placement": true,
  "force_release_streak": 3,
  "release_latched": false,
  "release_trigger_step": null,
  "placement_success_streak_max": 3
}