{
  "dataset_root": "datasets/demo_v5_30demos_random",
  "ckpt_dir": "./ckpt/v5",
  "xml_path": "./mode/demo_scene.xml",
  "video_path": "/home/xiaye/vla_learning/experiments/cac_act_paper/CATE_E1b_fixed_03/videos/v5_seed8_20260625_170441.mp4",
  "record_video": true,
  "deploy_seed": 8,
  "max_steps": 400,
  "executed_steps": 278,
  "success": true,
  "failure_mode": "success",
  "status": "ok",
  "error": "",
  "chunk_size": 50,
  "n_action_steps": 1,
  "temporal_ensemble_coeff": 0.3,
  "placement_xy_threshold": 0.1,
  "placement_z_threshold": 0.08,
  "device": "cuda",
  "initial_mug_position": [
    0.32324302861010723,
    -0.2589760461369003,
    0.8819944611201929
  ],
  "initial_plate_position": [
    0.3797379519460446,
    0.18113991054360168,
    0.8078856235290851
  ],
  "strict_success": true,
  "placement_success": true,
  "action_smoothness_mean": 0.028613504234387032,
  "action_smoothness_max": 1.0146170854568481,
  "prediction_inconsistency_mean": 0.0809962597914336,
  "prediction_inconsistency_max": 0.5000885725021362,
  "final_mug_plate_xy_dist": 0.02011685265980222,
  "min_mug_plate_xy_dist": 0.01424805555238221,
  "final_mug_plate_z_gap": 0.0455992752632054,
  "min_mug_plate_z_gap": 0.034235160496067674,
  "final_gripper_qpos": 0.06671311497541901,
  "final_ee_z": 1.1552140218210174,
  "force_release_on_placement": true,
  "force_release_streak": 3,
  "release_latched": true,
  "release_trigger_step": 273,
  "placement_success_streak_max": 8
}