{
  "dataset_root": "datasets/demo_v5_30demos_random",
  "ckpt_dir": "./ckpt/v5",
  "xml_path": "./mode/demo_scene.xml",
  "video_path": "/home/xiaye/vla_learning/experiments/cac_act_paper/CATE_E1b_fixed_03/videos/v5_seed9_20260625_170501.mp4",
  "record_video": true,
  "deploy_seed": 9,
  "max_steps": 400,
  "executed_steps": 274,
  "success": true,
  "failure_mode": "success",
  "status": "ok",
  "error": "",
  "chunk_size": 50,
  "n_action_steps": 1,
  "temporal_ensemble_coeff": 0.3,
  "placement_xy_threshold": 0.1,
  "placement_z_threshold": 0.08,
  "device": "cuda",
  "initial_mug_position": [
    0.25971887387223097,
    -0.3133463785208757,
    0.8819944674045763
  ],
  "initial_plate_position": [
    0.24164911212106627,
    -0.09885973185971432,
    0.8078856235290851
  ],
  "strict_success": true,
  "placement_success": true,
  "action_smoothness_mean": 0.028494113124693802,
  "action_smoothness_max": 1.015921950340271,
  "prediction_inconsistency_mean": 0.08905610735715801,
  "prediction_inconsistency_max": 0.4898435175418854,
  "final_mug_plate_xy_dist": 0.06020783370657522,
  "min_mug_plate_xy_dist": 0.01402938774896724,
  "final_mug_plate_z_gap": 0.04509802900708548,
  "min_mug_plate_z_gap": 0.03423516718603792,
  "final_gripper_qpos": 0.06673030350268574,
  "final_ee_z": 1.1508837493429327,
  "force_release_on_placement": true,
  "force_release_streak": 3,
  "release_latched": true,
  "release_trigger_step": 269,
  "placement_success_streak_max": 8
}