{
  "dataset_root": "datasets/demo_v5_30demos_random",
  "ckpt_dir": "./ckpt/v5",
  "xml_path": "./mode/demo_scene.xml",
  "video_path": "/home/xiaye/vla_learning/experiments/cac_act_paper/CATE_E1_fixed_07/videos/v5_seed8_20260625_163906.mp4",
  "record_video": true,
  "deploy_seed": 8,
  "max_steps": 400,
  "executed_steps": 280,
  "success": true,
  "failure_mode": "success",
  "status": "ok",
  "error": "",
  "chunk_size": 50,
  "n_action_steps": 1,
  "temporal_ensemble_coeff": 0.7,
  "placement_xy_threshold": 0.1,
  "placement_z_threshold": 0.08,
  "device": "cuda",
  "initial_mug_position": [
    0.3236065715822175,
    -0.2576907937366351,
    0.8822733652376065
  ],
  "initial_plate_position": [
    0.37984541715266196,
    0.18104870536410722,
    0.8078856279193419
  ],
  "strict_success": true,
  "placement_success": true,
  "action_smoothness_mean": 0.03046297475317573,
  "action_smoothness_max": 1.0154101848602295,
  "prediction_inconsistency_mean": 0.09776917339626393,
  "prediction_inconsistency_max": 0.4939938485622406,
  "final_mug_plate_xy_dist": 0.024079136805755366,
  "min_mug_plate_xy_dist": 0.0030189842295910607,
  "final_mug_plate_z_gap": 0.04570296945034846,
  "min_mug_plate_z_gap": 0.03543403559184077,
  "final_gripper_qpos": 0.066710617506155,
  "final_ee_z": 1.1469797966727002,
  "force_release_on_placement": true,
  "force_release_streak": 3,
  "release_latched": true,
  "release_trigger_step": 275,
  "placement_success_streak_max": 8
}