{
  "dataset_root": "datasets/demo_v5_30demos_random",
  "ckpt_dir": "./ckpt/v5",
  "xml_path": "./mode/demo_scene.xml",
  "video_path": "/home/xiaye/vla_learning/experiments/cac_act_paper/CATE_E1_fixed_07/videos/v5_seed5_20260625_163754.mp4",
  "record_video": true,
  "deploy_seed": 5,
  "max_steps": 400,
  "executed_steps": 254,
  "success": true,
  "failure_mode": "success",
  "status": "ok",
  "error": "",
  "chunk_size": 50,
  "n_action_steps": 1,
  "temporal_ensemble_coeff": 0.7,
  "placement_xy_threshold": 0.1,
  "placement_z_threshold": 0.08,
  "device": "cuda",
  "initial_mug_position": [
    0.38528389450881395,
    -0.10556631651670137,
    0.8819944674045764
  ],
  "initial_plate_position": [
    0.2755081548737123,
    0.1224548965574683,
    0.8078856235290851
  ],
  "strict_success": true,
  "placement_success": true,
  "action_smoothness_mean": 0.03655715687743392,
  "action_smoothness_max": 1.017046332359314,
  "prediction_inconsistency_mean": 0.05541299258841003,
  "prediction_inconsistency_max": 0.46801674365997314,
  "final_mug_plate_xy_dist": 0.05167699037289456,
  "min_mug_plate_xy_dist": 0.042144699894433146,
  "final_mug_plate_z_gap": 0.045783401430386506,
  "min_mug_plate_z_gap": 0.03423516718603792,
  "final_gripper_qpos": 0.06626394742279315,
  "final_ee_z": 1.1481725109346557,
  "force_release_on_placement": true,
  "force_release_streak": 3,
  "release_latched": true,
  "release_trigger_step": 249,
  "placement_success_streak_max": 8
}