{
  "dataset_root": "datasets/demo_v5_30demos_random",
  "ckpt_dir": "./ckpt/v5",
  "xml_path": "./mode/demo_scene.xml",
  "video_path": "/home/xiaye/vla_learning/experiments/cac_act_paper/CATE_E1_fixed_07/videos/v5_seed2_20260625_163653.mp4",
  "record_video": true,
  "deploy_seed": 2,
  "max_steps": 400,
  "executed_steps": 253,
  "success": true,
  "failure_mode": "success",
  "status": "ok",
  "error": "",
  "chunk_size": 50,
  "n_action_steps": 1,
  "temporal_ensemble_coeff": 0.7,
  "placement_xy_threshold": 0.1,
  "placement_z_threshold": 0.08,
  "device": "cuda",
  "initial_mug_position": [
    0.3079577320576706,
    -0.14639234854110528,
    0.8819944674045764
  ],
  "initial_plate_position": [
    0.3097484318420746,
    -0.3844287480522227,
    0.8078856235290851
  ],
  "strict_success": true,
  "placement_success": true,
  "action_smoothness_mean": 0.029761544338509253,
  "action_smoothness_max": 1.0204342603683472,
  "prediction_inconsistency_mean": 0.08965956620014613,
  "prediction_inconsistency_max": 0.4794703722000122,
  "final_mug_plate_xy_dist": 0.02632689951648287,
  "min_mug_plate_xy_dist": 0.008451487305937337,
  "final_mug_plate_z_gap": 0.044998729521777525,
  "min_mug_plate_z_gap": 0.03423516718603792,
  "final_gripper_qpos": 0.06671620485424445,
  "final_ee_z": 1.1351550628597058,
  "force_release_on_placement": true,
  "force_release_streak": 3,
  "release_latched": true,
  "release_trigger_step": 248,
  "placement_success_streak_max": 8
}