{
  "dataset_root": "datasets/demo_v5_30demos_random",
  "ckpt_dir": "./ckpt/v5",
  "xml_path": "./mode/demo_scene.xml",
  "video_path": "/home/xiaye/vla_learning/experiments/cac_act_paper/CATE_E1_fixed_07/videos/v5_seed11_20260625_164008.mp4",
  "record_video": true,
  "deploy_seed": 11,
  "max_steps": 400,
  "executed_steps": 229,
  "success": true,
  "failure_mode": "success",
  "status": "ok",
  "error": "",
  "chunk_size": 50,
  "n_action_steps": 1,
  "temporal_ensemble_coeff": 0.7,
  "placement_xy_threshold": 0.1,
  "placement_z_threshold": 0.08,
  "device": "cuda",
  "initial_mug_position": [
    0.35429527163840174,
    -0.1464908112791522,
    0.8819946986321916
  ],
  "initial_plate_position": [
    0.2688323977196371,
    -0.38829934225638274,
    0.8078856235290851
  ],
  "strict_success": true,
  "placement_success": true,
  "action_smoothness_mean": 0.03338560947853247,
  "action_smoothness_max": 1.0185894966125488,
  "prediction_inconsistency_mean": 0.06834891848592904,
  "prediction_inconsistency_max": 0.4473324716091156,
  "final_mug_plate_xy_dist": 0.06775936207817877,
  "min_mug_plate_xy_dist": 0.058010678139833204,
  "final_mug_plate_z_gap": 0.04601845234688373,
  "min_mug_plate_z_gap": 0.03423543070799051,
  "final_gripper_qpos": 0.0667045353307631,
  "final_ee_z": 1.1376828514600386,
  "force_release_on_placement": true,
  "force_release_streak": 3,
  "release_latched": true,
  "release_trigger_step": 224,
  "placement_success_streak_max": 8
}