{
  "dataset_root": "datasets/demo_v5_30demos_random",
  "ckpt_dir": "./ckpt/v5",
  "xml_path": "./mode/demo_scene.xml",
  "video_path": "/home/xiaye/vla_learning/experiments/cac_act_paper/CATE_E1_fixed_07/videos/v5_seed13_20260625_164053.mp4",
  "record_video": true,
  "deploy_seed": 13,
  "max_steps": 400,
  "executed_steps": 400,
  "success": false,
  "failure_mode": "max_steps",
  "status": "ok",
  "error": "",
  "chunk_size": 50,
  "n_action_steps": 1,
  "temporal_ensemble_coeff": 0.7,
  "placement_xy_threshold": 0.1,
  "placement_z_threshold": 0.08,
  "device": "cuda",
  "initial_mug_position": [
    0.39282276560047824,
    0.18496072790976265,
    0.8819954507018765
  ],
  "initial_plate_position": [
    0.3644209051552318,
    -0.25746122278576733,
    0.8078856246357801
  ],
  "strict_success": false,
  "placement_success": false,
  "action_smoothness_mean": 0.036478725311076175,
  "action_smoothness_max": 0.4932067394256592,
  "prediction_inconsistency_mean": 0.18332868144803105,
  "prediction_inconsistency_max": 0.49437499046325684,
  "final_mug_plate_xy_dist": 0.4388451357696606,
  "min_mug_plate_xy_dist": 0.4337128761667529,
  "final_mug_plate_z_gap": 0.036768588990627515,
  "min_mug_plate_z_gap": 0.034236176533028795,
  "final_gripper_qpos": 0.03902448310458053,
  "final_ee_z": 1.1508719215509733,
  "force_release_on_placement": true,
  "force_release_streak": 3,
  "release_latched": false,
  "release_trigger_step": null,
  "placement_success_streak_max": 0
}