{
  "dataset_root": "datasets/demo_v5_30demos_random",
  "ckpt_dir": "./ckpt/v5",
  "xml_path": "./mode/demo_scene.xml",
  "video_path": "/home/xiaye/vla_learning/experiments/cac_act_paper/CATE_E1_fixed_07/videos/v5_seed12_20260625_164026.mp4",
  "record_video": true,
  "deploy_seed": 12,
  "max_steps": 400,
  "executed_steps": 400,
  "success": false,
  "failure_mode": "max_steps",
  "status": "ok",
  "error": "",
  "chunk_size": 50,
  "n_action_steps": 1,
  "temporal_ensemble_coeff": 0.7,
  "placement_xy_threshold": 0.1,
  "placement_z_threshold": 0.08,
  "device": "cuda",
  "initial_mug_position": [
    0.32370445217959437,
    -0.3898680523023474,
    0.8819944674045765
  ],
  "initial_plate_position": [
    0.26465530228010153,
    0.044045330760285197,
    0.8078856235290851
  ],
  "strict_success": false,
  "placement_success": false,
  "action_smoothness_mean": 0.03956667313257111,
  "action_smoothness_max": 0.5141674280166626,
  "prediction_inconsistency_mean": 0.20298147636388703,
  "prediction_inconsistency_max": 0.5151711106300354,
  "final_mug_plate_xy_dist": 0.5386320125767542,
  "min_mug_plate_xy_dist": 0.38199864580848536,
  "final_mug_plate_z_gap": 0.029802237254970887,
  "min_mug_plate_z_gap": 0.029802237254970887,
  "final_gripper_qpos": 0.0377853516976533,
  "final_ee_z": 1.1543170681820842,
  "force_release_on_placement": true,
  "force_release_streak": 3,
  "release_latched": false,
  "release_trigger_step": null,
  "placement_success_streak_max": 0
}