{
  "dataset_root": "datasets/demo_v5_30demos_random",
  "ckpt_dir": "./ckpt/v5",
  "xml_path": "./mode/demo_scene.xml",
  "video_path": "/home/xiaye/vla_learning/experiments/cac_act_paper/CATE_E1_fixed_07/videos/v5_seed3_20260625_163712.mp4",
  "record_video": true,
  "deploy_seed": 3,
  "max_steps": 400,
  "executed_steps": 246,
  "success": true,
  "failure_mode": "success",
  "status": "ok",
  "error": "",
  "chunk_size": 50,
  "n_action_steps": 1,
  "temporal_ensemble_coeff": 0.7,
  "placement_xy_threshold": 0.1,
  "placement_z_threshold": 0.08,
  "device": "cuda",
  "initial_mug_position": [
    0.2583997989129603,
    -0.27426730291068696,
    0.8819944674045764
  ],
  "initial_plate_position": [
    0.3281169119112862,
    0.024904206421905203,
    0.8078856235290851
  ],
  "strict_success": true,
  "placement_success": true,
  "action_smoothness_mean": 0.03363957186229527,
  "action_smoothness_max": 1.0181374549865723,
  "prediction_inconsistency_mean": 0.06468756552785634,
  "prediction_inconsistency_max": 0.5009171366691589,
  "final_mug_plate_xy_dist": 0.05472272939536018,
  "min_mug_plate_xy_dist": 0.052431100973862235,
  "final_mug_plate_z_gap": 0.045891767266245775,
  "min_mug_plate_z_gap": 0.03423516718603792,
  "final_gripper_qpos": 0.06656289497113506,
  "final_ee_z": 1.1717141027946767,
  "force_release_on_placement": true,
  "force_release_streak": 3,
  "release_latched": true,
  "release_trigger_step": 241,
  "placement_success_streak_max": 8
}