{
  "dataset_root": "datasets/demo_v5_30demos_random",
  "ckpt_dir": "./ckpt/v5",
  "xml_path": "./mode/demo_scene.xml",
  "video_path": "/home/xiaye/vla_learning/experiments/cac_act_paper/CATE_E1_fixed_07/videos/v5_seed10_20260625_163951.mp4",
  "record_video": true,
  "deploy_seed": 10,
  "max_steps": 400,
  "executed_steps": 223,
  "success": true,
  "failure_mode": "success",
  "status": "ok",
  "error": "",
  "chunk_size": 50,
  "n_action_steps": 1,
  "temporal_ensemble_coeff": 0.7,
  "placement_xy_threshold": 0.1,
  "placement_z_threshold": 0.08,
  "device": "cuda",
  "initial_mug_position": [
    0.3581147704449244,
    -0.09950882241204458,
    0.8819944674045765
  ],
  "initial_plate_position": [
    0.3634005504220336,
    -0.38753331753331666,
    0.8078856235290851
  ],
  "strict_success": true,
  "placement_success": true,
  "action_smoothness_mean": 0.04936075880287136,
  "action_smoothness_max": 1.0192739963531494,
  "prediction_inconsistency_mean": 0.09016284156959874,
  "prediction_inconsistency_max": 0.4973738491535187,
  "final_mug_plate_xy_dist": 0.021350494357013732,
  "min_mug_plate_xy_dist": 0.016610176337977775,
  "final_mug_plate_z_gap": 0.04758619316029167,
  "min_mug_plate_z_gap": 0.03423516718603803,
  "final_gripper_qpos": 0.06690551885981018,
  "final_ee_z": 1.1712921382140047,
  "force_release_on_placement": true,
  "force_release_streak": 3,
  "release_latched": true,
  "release_trigger_step": 218,
  "placement_success_streak_max": 8
}