{
  "dataset_root": "datasets/demo_v5_30demos_random",
  "ckpt_dir": "./ckpt/v5",
  "xml_path": "./mode/demo_scene.xml",
  "video_path": "/home/xiaye/vla_learning/experiments/cac_act_paper/CATE_E1_fixed_07/videos/v5_seed1_20260625_163633.mp4",
  "record_video": true,
  "deploy_seed": 1,
  "max_steps": 400,
  "executed_steps": 272,
  "success": true,
  "failure_mode": "success",
  "status": "ok",
  "error": "",
  "chunk_size": 50,
  "n_action_steps": 1,
  "temporal_ensemble_coeff": 0.7,
  "placement_xy_threshold": 0.1,
  "placement_z_threshold": 0.08,
  "device": "cuda",
  "initial_mug_position": [
    0.2866793608598409,
    -0.3105594953033312,
    0.8819944674045764
  ],
  "initial_plate_position": [
    0.3067127682517658,
    0.03221020891633718,
    0.8078856235290851
  ],
  "strict_success": true,
  "placement_success": true,
  "action_smoothness_mean": 0.03069801708566097,
  "action_smoothness_max": 1.0196583271026611,
  "prediction_inconsistency_mean": 0.08033871051693864,
  "prediction_inconsistency_max": 0.4790515899658203,
  "final_mug_plate_xy_dist": 0.06947094081595179,
  "min_mug_plate_xy_dist": 0.06434656649391364,
  "final_mug_plate_z_gap": 0.04547117597279826,
  "min_mug_plate_z_gap": 0.03423516718603792,
  "final_gripper_qpos": 0.0664723454842106,
  "final_ee_z": 1.1432955777517362,
  "force_release_on_placement": true,
  "force_release_streak": 3,
  "release_latched": true,
  "release_trigger_step": 267,
  "placement_success_streak_max": 8
}