{
  "dataset_root": "datasets/demo_v5_30demos_random",
  "ckpt_dir": "./ckpt/v5",
  "xml_path": "./mode/demo_scene.xml",
  "video_path": "/home/xiaye/vla_learning/experiments/cac_act_paper/CATE_E1_fixed_07/videos/v5_seed17_20260625_164228.mp4",
  "record_video": true,
  "deploy_seed": 17,
  "max_steps": 400,
  "executed_steps": 84,
  "success": true,
  "failure_mode": "success",
  "status": "ok",
  "error": "",
  "chunk_size": 50,
  "n_action_steps": 1,
  "temporal_ensemble_coeff": 0.7,
  "placement_xy_threshold": 0.1,
  "placement_z_threshold": 0.08,
  "device": "cuda",
  "initial_mug_position": [
    -0.1273828372041983,
    -0.1700717610684938,
    2.3304638792103236
  ],
  "initial_plate_position": [
    -0.07128027722907655,
    -0.24979201320969435,
    1.7418451079855415
  ],
  "strict_success": true,
  "placement_success": true,
  "action_smoothness_mean": 0.010194030351914376,
  "action_smoothness_max": 0.18066087365150452,
  "prediction_inconsistency_mean": 0.10561646048697722,
  "prediction_inconsistency_max": 0.22564314305782318,
  "final_mug_plate_xy_dist": 0.02312245930899803,
  "min_mug_plate_xy_dist": 0.01256366883604339,
  "final_mug_plate_z_gap": 0.004899113135669384,
  "min_mug_plate_z_gap": 0.004899113135669384,
  "final_gripper_qpos": 0.0015754689068302194,
  "final_ee_z": 0.9042981794470631,
  "force_release_on_placement": true,
  "force_release_streak": 3,
  "release_latched": false,
  "release_trigger_step": null,
  "placement_success_streak_max": 2
}