{
  "dataset_root": "datasets/demo_v5_30demos_random",
  "ckpt_dir": "./ckpt/v5",
  "xml_path": "./mode/demo_scene.xml",
  "video_path": "/home/xiaye/vla_learning/experiments/cac_act_paper/CATE_E1_fixed_07/videos/v5_seed4_20260625_163730.mp4",
  "record_video": true,
  "deploy_seed": 4,
  "max_steps": 400,
  "executed_steps": 363,
  "success": true,
  "failure_mode": "success",
  "status": "ok",
  "error": "",
  "chunk_size": 50,
  "n_action_steps": 1,
  "temporal_ensemble_coeff": 0.7,
  "placement_xy_threshold": 0.1,
  "placement_z_threshold": 0.08,
  "device": "cuda",
  "initial_mug_position": [
    0.39451006200294503,
    -0.39487487667084525,
    0.8819944674045764
  ],
  "initial_plate_position": [
    0.3947140217415427,
    -0.07164513764352422,
    0.8078856235290851
  ],
  "strict_success": true,
  "placement_success": true,
  "action_smoothness_mean": 0.022947068971122527,
  "action_smoothness_max": 1.0154144763946533,
  "prediction_inconsistency_mean": 0.08222437667974286,
  "prediction_inconsistency_max": 0.48825177550315857,
  "final_mug_plate_xy_dist": 0.03025554067207643,
  "min_mug_plate_xy_dist": 0.009277859913391815,
  "final_mug_plate_z_gap": 0.04533173963463333,
  "min_mug_plate_z_gap": 0.03423516718603803,
  "final_gripper_qpos": 0.06668692411778002,
  "final_ee_z": 1.136991565257772,
  "force_release_on_placement": true,
  "force_release_streak": 3,
  "release_latched": true,
  "release_trigger_step": 358,
  "placement_success_streak_max": 8
}