{
  "dataset_root": "datasets/demo_v5_30demos_random",
  "ckpt_dir": "./ckpt/v5",
  "xml_path": "./mode/demo_scene.xml",
  "video_path": "/home/xiaye/vla_learning/experiments/cac_act_paper/CATE_E1_fixed_07/videos/v5_seed15_20260625_164137.mp4",
  "record_video": true,
  "deploy_seed": 15,
  "max_steps": 400,
  "executed_steps": 393,
  "success": true,
  "failure_mode": "success",
  "status": "ok",
  "error": "",
  "chunk_size": 50,
  "n_action_steps": 1,
  "temporal_ensemble_coeff": 0.7,
  "placement_xy_threshold": 0.1,
  "placement_z_threshold": 0.08,
  "device": "cuda",
  "initial_mug_position": [
    0.27828999145956496,
    0.15196490890833889,
    0.8819944674045765
  ],
  "initial_plate_position": [
    0.37580007906232665,
    -0.29264693219635857,
    0.8078856235290851
  ],
  "strict_success": true,
  "placement_success": true,
  "action_smoothness_mean": 0.02402487905634857,
  "action_smoothness_max": 1.0146288871765137,
  "prediction_inconsistency_mean": 0.05088675937529805,
  "prediction_inconsistency_max": 0.4493073523044586,
  "final_mug_plate_xy_dist": 0.06450680647487018,
  "min_mug_plate_xy_dist": 0.023056545645274318,
  "final_mug_plate_z_gap": 0.04565795405567563,
  "min_mug_plate_z_gap": 0.03423516718603792,
  "final_gripper_qpos": 0.06674016201085717,
  "final_ee_z": 1.1485657025483835,
  "force_release_on_placement": true,
  "force_release_streak": 3,
  "release_latched": true,
  "release_trigger_step": 388,
  "placement_success_streak_max": 8
}