{
  "dataset_root": "datasets/demo_v5_30demos_random",
  "ckpt_dir": "./ckpt/v5",
  "xml_path": "./mode/demo_scene.xml",
  "video_path": "/home/xiaye/vla_learning/experiments/cac_act_paper/CATE_E1_fixed_07/videos/v5_seed19_20260625_164305.mp4",
  "record_video": true,
  "deploy_seed": 19,
  "max_steps": 400,
  "executed_steps": 249,
  "success": true,
  "failure_mode": "success",
  "status": "ok",
  "error": "",
  "chunk_size": 50,
  "n_action_steps": 1,
  "temporal_ensemble_coeff": 0.7,
  "placement_xy_threshold": 0.1,
  "placement_z_threshold": 0.08,
  "device": "cuda",
  "initial_mug_position": [
    0.2604072192349578,
    -0.19974509183103978,
    0.8819944674045764
  ],
  "initial_plate_position": [
    0.25559462377926645,
    0.05676534285595624,
    0.8078856235290851
  ],
  "strict_success": true,
  "placement_success": true,
  "action_smoothness_mean": 0.030145451977131737,
  "action_smoothness_max": 1.0120010375976562,
  "prediction_inconsistency_mean": 0.07911476434298581,
  "prediction_inconsistency_max": 0.49618297815322876,
  "final_mug_plate_xy_dist": 0.025821899582635605,
  "min_mug_plate_xy_dist": 0.001572822198909951,
  "final_mug_plate_z_gap": 0.04577293895694745,
  "min_mug_plate_z_gap": 0.03423516718603792,
  "final_gripper_qpos": 0.06674424915763875,
  "final_ee_z": 1.1131028150735556,
  "force_release_on_placement": true,
  "force_release_streak": 3,
  "release_latched": true,
  "release_trigger_step": 244,
  "placement_success_streak_max": 8
}