{
  "dataset_root": "datasets/demo_v5_30demos_random",
  "ckpt_dir": "./ckpt/v5",
  "xml_path": "./mode/demo_scene.xml",
  "video_path": "/home/xiaye/vla_learning/experiments/cac_act_paper/CATE_E1_fixed_07/videos/v5_seed14_20260625_164118.mp4",
  "record_video": true,
  "deploy_seed": 14,
  "max_steps": 400,
  "executed_steps": 242,
  "success": true,
  "failure_mode": "success",
  "status": "ok",
  "error": "",
  "chunk_size": 50,
  "n_action_steps": 1,
  "temporal_ensemble_coeff": 0.7,
  "placement_xy_threshold": 0.1,
  "placement_z_threshold": 0.08,
  "device": "cuda",
  "initial_mug_position": [
    0.23959366100351714,
    -0.21277147449047626,
    0.8819944674045767
  ],
  "initial_plate_position": [
    0.32222018250298473,
    0.06391454409862052,
    0.8078856235290851
  ],
  "strict_success": true,
  "placement_success": true,
  "action_smoothness_mean": 0.03469267320752538,
  "action_smoothness_max": 1.0191329717636108,
  "prediction_inconsistency_mean": 0.07671394626150116,
  "prediction_inconsistency_max": 0.501528263092041,
  "final_mug_plate_xy_dist": 0.0681058973065054,
  "min_mug_plate_xy_dist": 0.057399849171721744,
  "final_mug_plate_z_gap": 0.045053910883736004,
  "min_mug_plate_z_gap": 0.03423516718603803,
  "final_gripper_qpos": 0.06644272367258712,
  "final_ee_z": 1.1611148477940192,
  "force_release_on_placement": true,
  "force_release_streak": 3,
  "release_latched": true,
  "release_trigger_step": 237,
  "placement_success_streak_max": 8
}